subreddit,category,subscribers,num_comments,description,decision
worldnews,news,44166945,117400250,"A place for major news from around the world, excluding US-internal news.",yes
news,news,29481421,89809976,The place for news articles about current events in the United States and the rest of the world. Discuss it all here.,yes
wallstreetbets,finance_investing,17721592,87753156,Like 4chan found a Bloomberg Terminal.,yes
technology,news_tech,18028228,31444648,Subreddit dedicated to the news and discussions about the creation and use of technology and its surrounding issues.,yes
Superstonk,finance_investing,1142822,28976548,A place for theoretical discussions about GameStop stock ($GME). Opinions and memes welcome. Suspected crypto coin scams,yes
antiwork,work_culture,2862809,23762275,"A subreddit for those who want to end work, are curious about ending work, want to get the most out of a work-free life,",yes
apple,company,6132166,12427571,An unofficial community about Apple and all of its devices and software.,yes
Amd,company,2164629,7548042,"Welcome to /r/AMD — the subreddit for all things AMD; come talk about Ryzen, Radeon, Zen 5, RDNA 3, EPYC, Threadripper, ",yes
stocks,finance_investing,8418548,6713704,The most serious place on Reddit for Stock related discussions!  Don't hesitate to tell us about a ticker we should know,yes
cscareerquestions,work_culture,2189575,6401905,CSCareerQuestions is a community for  those who  are in  the process of entering or are already part of the computer sci,yes
investing,finance_investing,2948594,6209906,,yes
teslamotors,company,3405403,5797465,The original and largest Tesla community on Reddit! An unofficial forum of owners and enthusiasts. See r/TeslaLounge for,yes
doordash,company,465526,5472658,Unofficial DoorDash Community Subreddit,yes
walmart,company,322537,5429247,Mostly just Walmart stuff.,yes
boxoffice,entertainment_biz,1137907,5349028,"A place to talk about the box office and the movie business, both domestically and internationally.",no
nvidia,company,2120507,5117207,"A place for everything NVIDIA, come talk about news, drivers, rumors, GPUs, the industry, show-off your build and more. ",yes
financialindependence,finance_investing,2303678,4594961,"This is a place for people who are or want to become Financially Independent (FI), which means not having to work for mo",no
Entrepreneur,business_corporate,4547610,4563960,"Our community brings together individuals driven by a shared commitment to problem-solving, professional networking, and",yes
Accounting,business_corporate,1105368,4352647,Primarily for accountants and aspiring accountants to learn about and discuss their career choice. Advice and questions ,yes
FluentInFinance,finance_investing,577043,4098746,"Reddit community for TheFinanceNewsletter.com and its 100,000 readers to debate & discuss all things finance, investing,",yes
starbucks,company,301140,3842738,"The cyber third place for Starbucks friends, fans, and families alike! Please sit back, get yourself a beverage, and enj",yes
Costco,company,881186,3590948,"Welcome to Costco, we love you.   Disclaimer: This is an unofficial Costco subreddit, r/Costco is not affiliated with Co",yes
tmobile,company,189933,3010574,Welcome to the subreddit of the best wireless carrier in the industry! T-Mobile is the second largest wireless carrier i,yes
Target,company,207050,2779599,The subreddit by Target team members for Target team members.   This subreddit is neither affiliated with nor endorsed b,yes
economy,finance_investing,1028494,2741427,"Forum for economy, business, politics, stocks, bonds, product releases, IPOs, advice, news, investment, videos, predicti",yes
smallbusiness,business_corporate,1939492,2640748,"This sub is not for advertisements! Questions and answers about starting, owning, and growing a small business only.",no
lululemon,company,841770,2167701,A sub dedicated to all things lululemon ,yes
business,business_corporate,2440210,2132841,"/r/business brings you the best of your business section. From tips for running a business, to pitfalls to avoid, /r/bus",yes
WorkReform,work_culture,748597,2091277,General Strike May 1,yes
netflix,company,1741927,1923663,"Unofficial Netflix discussion, and all things Netflix related! (Mods are not Netflix employees, but employees occasional",yes
sales,business_corporate,387191,1844545,"Everything you need to know about sales, selling, business development, lead generation, prospecting, closing and more! ",no
StockMarket,finance_investing,3398685,1799066,"Welcome to /r/StockMarket! Our objective is to provide short and mid term trade ideas, market analysis & commentary for ",yes
options,finance_investing,1256056,1700994,Let's Talk About:      Exchange Traded Financial Options   --  Options Fundamentals     --   The Greeks    --   Strategi,no
CoinBase,company,386628,1666866,Welcome to r/Coinbase!,yes
Daytrading,finance_investing,4698228,1533287,"Daytrading futures, forex, stocks, etc.",no
HomeDepot,company,104688,1525669,Hangout for Home Depot associates. No affiliation with The Home Depot Inc.   This is not a customer service subreddit fo,yes
Honda,company,221704,1370693,Home for Honda & Acura enthusiasts.,no
teslainvestorsclub,company_investor,87131,1370656,This is a community of Redditors invested in the long-term success of Tesla.,yes
tech,news_tech,660668,1328621,The goal of /r/tech is to provide a space dedicated to the intelligent discussion of innovations and changes to technolo,yes
dividends,finance_investing,681282,1303975,A community by and for dividend growth investors.  Let's make money together!,yes
verizon,company,116773,1281096,"Welcome to /r/Verizon!   A unofficial community to discuss and ask questions about anything and everything Verizon, be i",yes
realestateinvesting,finance_investing,1885274,1267640,Interested in Real Estate Investing? You've come to the right place! /r/realestateinvesting is focused on sharing though,no
Bogleheads,finance_investing,609006,1254145,Bogleheads are passive investors who follow Jack Bogle's simple but powerful message to diversify with low-cost index fu,no
Chipotle,company,121448,1188431,"Welcome to our community, a place where customers and employees can share their appreciation and experiences at Chipotle",yes
intel,company,892385,1182853,"Welcome to /r/Intel — the subreddit for all things Intel; come talk about Intel CPUs, Intel Arc, XeSS, LAN/WLAN, rumors,",yes
Ebay,company,198161,1160683,The unofficial eBay subreddit.  Help for buyers and sellers.  Please read the rules - https://old.reddit.com/r/Ebay/abou,yes
marketing,business_corporate,1763790,1050852,For marketing communications + advertising industry professionals to discuss and ask questions related to marketing stra,no
AirBnB,company,374989,1006951,"A place for hosts and guests to discuss Airbnb . For issues, contact Airbnb support : +1-844-234-2500",yes
Rivian,company,115547,979413,r/Rivian is the largest and most active fan-run auto-enthusiast Rivian community. We discuss the company's electric vehi,yes
Garmin,company,250003,977680,r/Garmin is the community to discuss and share everything and anything related to Garmin.  This subreddit is an unoffici,yes
Lowes,company,65134,972334,This subreddit is dedicated to the topic of Lowe's. Customers and employees welcome.,yes
CVS,company,68542,970061,Un Official Subreddit for CVS Health,yes
google,company,3422239,893278,"For news, announcements, and discussions, from and about Google and related topics.",yes
unitedairlines,company,117020,860355,"PLANE GO WOOSHHH!!    READ PINNED POST BEFORE POSTING/COMMENTING IN THIS PLACE.  Yes, you can complain. We’re not shills",yes
uber,company,73510,850172,This subreddit provides a place for Uber riders and drivers to discuss their experiences. Its sister subreddit is /r/ube,yes
ATT,company,82629,845493,,yes
facebook,company,362407,799805,"This is an unofficial community dedicated to news, discussion and help relating to Facebook & Meta. The moderators are n",yes
AMD_Stock,company_investor,59077,756301,Investor strategies and discussion relating to AMD.,yes
Dell,company,100848,733986,The unofficial subreddit for Dell Technologies,yes
disney,company,2289968,704513,"This unofficial subreddit is dedicated to celebrating 100 years of the stories, worlds, and magic of all things Disney! ",yes
ValueInvesting,finance_investing,438143,638591,"Value investing in all its forms - From Graham & Dodd, to Buffett & Munger, to their philosophical descendants today",yes
UPS,company,63976,621744,This is an unofficial community where people can discuss and ask questions regarding UPS related topics.   This is not a,yes
kroger,company,51113,618519,No customers allowed - The unofficial subreddit for Kroger Workers. -   Discord.gg/Kroger   - Please direct all customer,yes
Twitter,company,1329262,581460,An unofficial Twitter subreddit. News and discussions about Twitter welcome.  READ THE RULES AND FAQ FIRST! Anything not,yes
finance,finance_investing,2007395,574184,"Welcome to r/Finance!  No Personal Finance, Homework, Personal blogs, or Career-related posts.   All questions go in Mon",yes
PLTR,company_investor,93842,497547,"Palantir Technologies Inc. ($PLTR) Stock:    Community for retail investors of PLTR to chat about the company, its missi",yes
Ford,company,118241,483386,"The original unofficial subreddit for the Ford Motor Company. Headquartered in Dearborn, Michigan, Ford is a renowned au",yes
ETFs,finance_investing,294275,458803,The Exchange-Traded Funds Community and Forum,no
microsoft,company,1428461,450904,"A subreddit dedicated to Microsoft's Suite of Services, Products, and Games.",yes
paypal,company,69864,447968,"Great for questions about PayPal, transactions, and problems!  This is not an official PayPal support channel.  We are a",yes
marriott,company,97841,411383,"Marriott International, Inc., is a global leading lodging company with more than 4,400 properties in 87 countries and te",yes
salesforce,company,86548,389856,This is an unofficial (no salesforce sponsorship) forum to discuss getting certified and building on salesforce platform,yes
FedEx,company,42431,385834,/r/FedEx is for ANYTHING FedEx related.  Please read our rules carefully to ensure your posts or comments don't get remo,yes
amazon,company,234591,360953,"All things Amazon: Amazon.com, Amazon Prime, Prime Video, AWS, Kindle, Echo, and more!",yes
Nike,company,1603588,333075,"A community to post, appreciate, and discuss Nike. Please be respectful.   Just do it.",yes
boeing,company,45120,293241,"We are the Original unofficial Boeing subreddit for anyone interested in The Boeing Company. Here you can share videos, ",yes
fortinet,company,56704,277039,Discussing all things Fortinet.,yes
Cisco,company,93931,257667,,yes
Comcast,company,25998,255530,A subreddit primarily dedicated to asking questions and/or discussing experiences with Comcast. You can post for technic,yes
NVDA_Stock,company_investor,81590,214533,Discussion on investing in NVDA.,yes
dexcom,company,35870,202822,"We're an unofficial subreddit about everything Dexcom. Come here to troubleshoot problems with your CGM, seek advice and",yes
Hilton,company,51197,200277,This is an unofficial subreddit for Hilton Hotels & Resorts.,yes
Schwab,company,57895,164582,"A place to focus primarily on all things related to Charles Schwab. This is a community, full of seasoned investors and ",yes
motorola,company,27871,153355,Motorola.com for the current lineup of Motorola products from phones to smart home devices.,yes
carvana,company,28057,141244,"Subreddit for Carvana.com, an online used-car dealer. Our community is here to offer helpful support for those who are b",yes
TSLA,company_investor,38153,115851,Discussion about TESLA Stock (TSLA) and its technology. $TSLA,yes
IBM,company,25408,110733,"An unofficial IBM subreddit, available to employees, new-hires, candidates, and the public to discuss the company,  its ",yes
accenture,company,28014,100424,"Unofficial discussion for current, future, past employees of Accenture. No client names.   Are you in Accenture Philippi",yes
servicenow,company,24086,89663,"Subreddit for ServiceNow users, admins, devs, platform owners, CTOs and everything in between.",yes
crowdstrike,company,34684,61482,"Welcome to the CrowdStrike subreddit.   CrowdStrike Falcon offers cloud-delivered solutions across endpoints, cloud work",yes
palantir,company,30696,40848,"Welcome to r/palantir, where we discuss all things Palantir. This sub is retail investor run.",yes
Adobe,company,28633,39804,,yes
